Cause_of_Death;Year;Count;;;;;;;;;;;;;;;;;;;;;;;;;;;;;;;;
Meningitis;1990;131;;;;;;;;;;;;;;;;;;;;;;;;;;;;;;;;
Meningitis;1991;128;;;;;;;;;;;;;;;;;;;;;;;;;;;;;;;;
Meningitis;1992;124;;;;;;;;;;;;;;;;;;;;;;;;;;;;;;;;
Meningitis;1993;109;;;;;;;;;;;;;;;;;;;;;;;;;;;;;;;;
Meningitis;1994;96;;;;;;;;;;;;;;;;;;;;;;;;;;;;;;;;
Meningitis;1995;94;;;;;;;;;;;;;;;;;;;;;;;;;;;;;;;;
Meningitis;1996;82;;;;;;;;;;;;;;;;;;;;;;;;;;;;;;;;
Meningitis;1997;73;;;;;;;;;;;;;;;;;;;;;;;;;;;;;;;;
Meningitis;1998;64;;;;;;;;;;;;;;;;;;;;;;;;;;;;;;;;
Meningitis;1999;63;;;;;;;;;;;;;;;;;;;;;;;;;;;;;;;;
Meningitis;2000;61;;;;;;;;;;;;;;;;;;;;;;;;;;;;;;;;
Meningitis;2001;58;;;;;;;;;;;;;;;;;;;;;;;;;;;;;;;;
Meningitis;2002;50;;;;;;;;;;;;;;;;;;;;;;;;;;;;;;;;
Meningitis;2003;51;;;;;;;;;;;;;;;;;;;;;;;;;;;;;;;;
Meningitis;2004;45;;;;;;;;;;;;;;;;;;;;;;;;;;;;;;;;
Meningitis;2005;45;;;;;;;;;;;;;;;;;;;;;;;;;;;;;;;;
Meningitis;2006;43;;;;;;;;;;;;;;;;;;;;;;;;;;;;;;;;
Meningitis;2007;37;;;;;;;;;;;;;;;;;;;;;;;;;;;;;;;;
Meningitis;2008;37;;;;;;;;;;;;;;;;;;;;;;;;;;;;;;;;
Meningitis;2009;37;;;;;;;;;;;;;;;;;;;;;;;;;;;;;;;;
Meningitis;2010;37;;;;;;;;;;;;;;;;;;;;;;;;;;;;;;;;
Meningitis;2011;35;;;;;;;;;;;;;;;;;;;;;;;;;;;;;;;;
Meningitis;2012;32;;;;;;;;;;;;;;;;;;;;;;;;;;;;;;;;
Meningitis;2013;32;;;;;;;;;;;;;;;;;;;;;;;;;;;;;;;;
Meningitis;2014;30;;;;;;;;;;;;;;;;;;;;;;;;;;;;;;;;
Meningitis;2015;29;;;;;;;;;;;;;;;;;;;;;;;;;;;;;;;;
Meningitis;2016;30;;;;;;;;;;;;;;;;;;;;;;;;;;;;;;;;
Meningitis;2017;31;;;;;;;;;;;;;;;;;;;;;;;;;;;;;;;;
Meningitis;2018;31;;;;;;;;;;;;;;;;;;;;;;;;;;;;;;;;
Meningitis;2019;31;;;;;;;;;;;;;;;;;;;;;;;;;;;;;;;;
Dementias;1990;1688;;;;;;;;;;;;;;;;;;;;;;;;;;;;;;;;
Dementias;1991;1727;;;;;;;;;;;;;;;;;;;;;;;;;;;;;;;;
Dementias;1992;1775;;;;;;;;;;;;;;;;;;;;;;;;;;;;;;;;
Dementias;1993;1821;;;;;;;;;;;;;;;;;;;;;;;;;;;;;;;;
Dementias;1994;1874;;;;;;;;;;;;;;;;;;;;;;;;;;;;;;;;
Dementias;1995;1919;;;;;;;;;;;;;;;;;;;;;;;;;;;;;;;;
Dementias;1996;1952;;;;;;;;;;;;;;;;;;;;;;;;;;;;;;;;
Dementias;1997;1991;;;;;;;;;;;;;;;;;;;;;;;;;;;;;;;;
Dementias;1998;2030;;;;;;;;;;;;;;;;;;;;;;;;;;;;;;;;
Dementias;1999;2096;;;;;;;;;;;;;;;;;;;;;;;;;;;;;;;;
Dementias;2000;2143;;;;;;;;;;;;;;;;;;;;;;;;;;;;;;;;
Dementias;2001;2188;;;;;;;;;;;;;;;;;;;;;;;;;;;;;;;;
Dementias;2002;2201;;;;;;;;;;;;;;;;;;;;;;;;;;;;;;;;
Dementias;2003;2188;;;;;;;;;;;;;;;;;;;;;;;;;;;;;;;;
Dementias;2004;2177;;;;;;;;;;;;;;;;;;;;;;;;;;;;;;;;
Dementias;2005;2183;;;;;;;;;;;;;;;;;;;;;;;;;;;;;;;;
Dementias;2006;2213;;;;;;;;;;;;;;;;;;;;;;;;;;;;;;;;
Dementias;2007;2239;;;;;;;;;;;;;;;;;;;;;;;;;;;;;;;;
Dementias;2008;2248;;;;;;;;;;;;;;;;;;;;;;;;;;;;;;;;
Dementias;2009;2264;;;;;;;;;;;;;;;;;;;;;;;;;;;;;;;;
Dementias;2010;2278;;;;;;;;;;;;;;;;;;;;;;;;;;;;;;;;
Dementias;2011;2311;;;;;;;;;;;;;;;;;;;;;;;;;;;;;;;;
Dementias;2012;2349;;;;;;;;;;;;;;;;;;;;;;;;;;;;;;;;
Dementias;2013;2425;;;;;;;;;;;;;;;;;;;;;;;;;;;;;;;;
Dementias;2014;2425;;;;;;;;;;;;;;;;;;;;;;;;;;;;;;;;
Dementias;2015;2474;;;;;;;;;;;;;;;;;;;;;;;;;;;;;;;;
Dementias;2016;2544;;;;;;;;;;;;;;;;;;;;;;;;;;;;;;;;
Dementias;2017;2605;;;;;;;;;;;;;;;;;;;;;;;;;;;;;;;;
Dementias;2018;2651;;;;;;;;;;;;;;;;;;;;;;;;;;;;;;;;
Dementias;2019;2703;;;;;;;;;;;;;;;;;;;;;;;;;;;;;;;;
Parkinsons;1990;330;;;;;;;;;;;;;;;;;;;;;;;;;;;;;;;;
Parkinsons;1991;333;;;;;;;;;;;;;;;;;;;;;;;;;;;;;;;;
Parkinsons;1992;342;;;;;;;;;;;;;;;;;;;;;;;;;;;;;;;;
Parkinsons;1993;351;;;;;;;;;;;;;;;;;;;;;;;;;;;;;;;;
Parkinsons;1994;358;;;;;;;;;;;;;;;;;;;;;;;;;;;;;;;;
Parkinsons;1995;365;;;;;;;;;;;;;;;;;;;;;;;;;;;;;;;;
Parkinsons;1996;364;;;;;;;;;;;;;;;;;;;;;;;;;;;;;;;;
Parkinsons;1997;363;;;;;;;;;;;;;;;;;;;;;;;;;;;;;;;;
Parkinsons;1998;361;;;;;;;;;;;;;;;;;;;;;;;;;;;;;;;;
Parkinsons;1999;370;;;;;;;;;;;;;;;;;;;;;;;;;;;;;;;;
Parkinsons;2000;375;;;;;;;;;;;;;;;;;;;;;;;;;;;;;;;;
Parkinsons;2001;393;;;;;;;;;;;;;;;;;;;;;;;;;;;;;;;;
Parkinsons;2002;406;;;;;;;;;;;;;;;;;;;;;;;;;;;;;;;;
Parkinsons;2003;410;;;;;;;;;;;;;;;;;;;;;;;;;;;;;;;;
Parkinsons;2004;413;;;;;;;;;;;;;;;;;;;;;;;;;;;;;;;;
Parkinsons;2005;419;;;;;;;;;;;;;;;;;;;;;;;;;;;;;;;;
Parkinsons;2006;432;;;;;;;;;;;;;;;;;;;;;;;;;;;;;;;;
Parkinsons;2007;447;;;;;;;;;;;;;;;;;;;;;;;;;;;;;;;;
Parkinsons;2008;459;;;;;;;;;;;;;;;;;;;;;;;;;;;;;;;;
Parkinsons;2009;474;;;;;;;;;;;;;;;;;;;;;;;;;;;;;;;;
Parkinsons;2010;484;;;;;;;;;;;;;;;;;;;;;;;;;;;;;;;;
Parkinsons;2011;492;;;;;;;;;;;;;;;;;;;;;;;;;;;;;;;;
Parkinsons;2012;505;;;;;;;;;;;;;;;;;;;;;;;;;;;;;;;;
Parkinsons;2013;517;;;;;;;;;;;;;;;;;;;;;;;;;;;;;;;;
Parkinsons;2014;523;;;;;;;;;;;;;;;;;;;;;;;;;;;;;;;;
Parkinsons;2015;535;;;;;;;;;;;;;;;;;;;;;;;;;;;;;;;;
Parkinsons;2016;550;;;;;;;;;;;;;;;;;;;;;;;;;;;;;;;;
Parkinsons;2017;566;;;;;;;;;;;;;;;;;;;;;;;;;;;;;;;;
Parkinsons;2018;583;;;;;;;;;;;;;;;;;;;;;;;;;;;;;;;;
Parkinsons;2019;600;;;;;;;;;;;;;;;;;;;;;;;;;;;;;;;;
NutritionalDeficiencies;1990;125;;;;;;;;;;;;;;;;;;;;;;;;;;;;;;;;
NutritionalDeficiencies;1991;124;;;;;;;;;;;;;;;;;;;;;;;;;;;;;;;;
NutritionalDeficiencies;1992;125;;;;;;;;;;;;;;;;;;;;;;;;;;;;;;;;
NutritionalDeficiencies;1993;120;;;;;;;;;;;;;;;;;;;;;;;;;;;;;;;;
NutritionalDeficiencies;1994;108;;;;;;;;;;;;;;;;;;;;;;;;;;;;;;;;
NutritionalDeficiencies;1995;99;;;;;;;;;;;;;;;;;;;;;;;;;;;;;;;;
NutritionalDeficiencies;1996;91;;;;;;;;;;;;;;;;;;;;;;;;;;;;;;;;
NutritionalDeficiencies;1997;87;;;;;;;;;;;;;;;;;;;;;;;;;;;;;;;;
NutritionalDeficiencies;1998;92;;;;;;;;;;;;;;;;;;;;;;;;;;;;;;;;
NutritionalDeficiencies;1999;104;;;;;;;;;;;;;;;;;;;;;;;;;;;;;;;;
NutritionalDeficiencies;2000;109;;;;;;;;;;;;;;;;;;;;;;;;;;;;;;;;
NutritionalDeficiencies;2001;112;;;;;;;;;;;;;;;;;;;;;;;;;;;;;;;;
NutritionalDeficiencies;2002;122;;;;;;;;;;;;;;;;;;;;;;;;;;;;;;;;
NutritionalDeficiencies;2003;121;;;;;;;;;;;;;;;;;;;;;;;;;;;;;;;;
NutritionalDeficiencies;2004;119;;;;;;;;;;;;;;;;;;;;;;;;;;;;;;;;
NutritionalDeficiencies;2005;113;;;;;;;;;;;;;;;;;;;;;;;;;;;;;;;;
NutritionalDeficiencies;2006;110;;;;;;;;;;;;;;;;;;;;;;;;;;;;;;;;
NutritionalDeficiencies;2007;105;;;;;;;;;;;;;;;;;;;;;;;;;;;;;;;;
NutritionalDeficiencies;2008;95;;;;;;;;;;;;;;;;;;;;;;;;;;;;;;;;
NutritionalDeficiencies;2009;91;;;;;;;;;;;;;;;;;;;;;;;;;;;;;;;;
NutritionalDeficiencies;2010;86;;;;;;;;;;;;;;;;;;;;;;;;;;;;;;;;
NutritionalDeficiencies;2011;77;;;;;;;;;;;;;;;;;;;;;;;;;;;;;;;;
NutritionalDeficiencies;2012;75;;;;;;;;;;;;;;;;;;;;;;;;;;;;;;;;
NutritionalDeficiencies;2013;75;;;;;;;;;;;;;;;;;;;;;;;;;;;;;;;;
NutritionalDeficiencies;2014;73;;;;;;;;;;;;;;;;;;;;;;;;;;;;;;;;
NutritionalDeficiencies;2015;73;;;;;;;;;;;;;;;;;;;;;;;;;;;;;;;;
NutritionalDeficiencies;2016;75;;;;;;;;;;;;;;;;;;;;;;;;;;;;;;;;
NutritionalDeficiencies;2017;78;;;;;;;;;;;;;;;;;;;;;;;;;;;;;;;;
NutritionalDeficiencies;2018;79;;;;;;;;;;;;;;;;;;;;;;;;;;;;;;;;
NutritionalDeficiencies;2019;81;;;;;;;;;;;;;;;;;;;;;;;;;;;;;;;;
Drowning;1990;48;;;;;;;;;;;;;;;;;;;;;;;;;;;;;;;;
Drowning;1991;49;;;;;;;;;;;;;;;;;;;;;;;;;;;;;;;;
Drowning;1992;48;;;;;;;;;;;;;;;;;;;;;;;;;;;;;;;;
Drowning;1993;49;;;;;;;;;;;;;;;;;;;;;;;;;;;;;;;;
Drowning;1994;51;;;;;;;;;;;;;;;;;;;;;;;;;;;;;;;;
Drowning;1995;49;;;;;;;;;;;;;;;;;;;;;;;;;;;;;;;;
Drowning;1996;49;;;;;;;;;;;;;;;;;;;;;;;;;;;;;;;;
Drowning;1997;49;;;;;;;;;;;;;;;;;;;;;;;;;;;;;;;;
Drowning;1998;47;;;;;;;;;;;;;;;;;;;;;;;;;;;;;;;;
Drowning;1999;50;;;;;;;;;;;;;;;;;;;;;;;;;;;;;;;;
Drowning;2000;48;;;;;;;;;;;;;;;;;;;;;;;;;;;;;;;;
Drowning;2001;49;;;;;;;;;;;;;;;;;;;;;;;;;;;;;;;;
Drowning;2002;49;;;;;;;;;;;;;;;;;;;;;;;;;;;;;;;;
Drowning;2003;48;;;;;;;;;;;;;;;;;;;;;;;;;;;;;;;;
Drowning;2004;47;;;;;;;;;;;;;;;;;;;;;;;;;;;;;;;;
Drowning;2005;45;;;;;;;;;;;;;;;;;;;;;;;;;;;;;;;;
Drowning;2006;45;;;;;;;;;;;;;;;;;;;;;;;;;;;;;;;;
Drowning;2007;45;;;;;;;;;;;;;;;;;;;;;;;;;;;;;;;;
Drowning;2008;41;;;;;;;;;;;;;;;;;;;;;;;;;;;;;;;;
Drowning;2009;38;;;;;;;;;;;;;;;;;;;;;;;;;;;;;;;;
Drowning;2010;36;;;;;;;;;;;;;;;;;;;;;;;;;;;;;;;;
Drowning;2011;34;;;;;;;;;;;;;;;;;;;;;;;;;;;;;;;;
Drowning;2012;34;;;;;;;;;;;;;;;;;;;;;;;;;;;;;;;;
Drowning;2013;32;;;;;;;;;;;;;;;;;;;;;;;;;;;;;;;;
Drowning;2014;32;;;;;;;;;;;;;;;;;;;;;;;;;;;;;;;;
Drowning;2015;30;;;;;;;;;;;;;;;;;;;;;;;;;;;;;;;;
Drowning;2016;31;;;;;;;;;;;;;;;;;;;;;;;;;;;;;;;;
Drowning;2017;31;;;;;;;;;;;;;;;;;;;;;;;;;;;;;;;;
Drowning;2018;31;;;;;;;;;;;;;;;;;;;;;;;;;;;;;;;;
Drowning;2019;32;;;;;;;;;;;;;;;;;;;;;;;;;;;;;;;;
InterpersonalViolence;1990;86;;;;;;;;;;;;;;;;;;;;;;;;;;;;;;;;
InterpersonalViolence;1991;96;;;;;;;;;;;;;;;;;;;;;;;;;;;;;;;;
InterpersonalViolence;1992;97;;;;;;;;;;;;;;;;;;;;;;;;;;;;;;;;
InterpersonalViolence;1993;95;;;;;;;;;;;;;;;;;;;;;;;;;;;;;;;;
InterpersonalViolence;1994;99;;;;;;;;;;;;;;;;;;;;;;;;;;;;;;;;
InterpersonalViolence;1995;92;;;;;;;;;;;;;;;;;;;;;;;;;;;;;;;;
InterpersonalViolence;1996;89;;;;;;;;;;;;;;;;;;;;;;;;;;;;;;;;
InterpersonalViolence;1997;92;;;;;;;;;;;;;;;;;;;;;;;;;;;;;;;;
InterpersonalViolence;1998;86;;;;;;;;;;;;;;;;;;;;;;;;;;;;;;;;
InterpersonalViolence;1999;85;;;;;;;;;;;;;;;;;;;;;;;;;;;;;;;;
InterpersonalViolence;2000;90;;;;;;;;;;;;;;;;;;;;;;;;;;;;;;;;
InterpersonalViolence;2001;74;;;;;;;;;;;;;;;;;;;;;;;;;;;;;;;;
InterpersonalViolence;2002;72;;;;;;;;;;;;;;;;;;;;;;;;;;;;;;;;
InterpersonalViolence;2003;74;;;;;;;;;;;;;;;;;;;;;;;;;;;;;;;;
InterpersonalViolence;2004;61;;;;;;;;;;;;;;;;;;;;;;;;;;;;;;;;
InterpersonalViolence;2005;72;;;;;;;;;;;;;;;;;;;;;;;;;;;;;;;;
InterpersonalViolence;2006;60;;;;;;;;;;;;;;;;;;;;;;;;;;;;;;;;
InterpersonalViolence;2007;65;;;;;;;;;;;;;;;;;;;;;;;;;;;;;;;;
InterpersonalViolence;2008;60;;;;;;;;;;;;;;;;;;;;;;;;;;;;;;;;
InterpersonalViolence;2009;58;;;;;;;;;;;;;;;;;;;;;;;;;;;;;;;;
InterpersonalViolence;2010;52;;;;;;;;;;;;;;;;;;;;;;;;;;;;;;;;
InterpersonalViolence;2011;51;;;;;;;;;;;;;;;;;;;;;;;;;;;;;;;;
InterpersonalViolence;2012;35;;;;;;;;;;;;;;;;;;;;;;;;;;;;;;;;
InterpersonalViolence;2013;34;;;;;;;;;;;;;;;;;;;;;;;;;;;;;;;;
InterpersonalViolence;2014;44;;;;;;;;;;;;;;;;;;;;;;;;;;;;;;;;
InterpersonalViolence;2015;42;;;;;;;;;;;;;;;;;;;;;;;;;;;;;;;;
InterpersonalViolence;2016;42;;;;;;;;;;;;;;;;;;;;;;;;;;;;;;;;
InterpersonalViolence;2017;42;;;;;;;;;;;;;;;;;;;;;;;;;;;;;;;;
InterpersonalViolence;2018;43;;;;;;;;;;;;;;;;;;;;;;;;;;;;;;;;
InterpersonalViolence;2019;43;;;;;;;;;;;;;;;;;;;;;;;;;;;;;;;;
AIDS;1990;2;;;;;;;;;;;;;;;;;;;;;;;;;;;;;;;;
AIDS;1991;2;;;;;;;;;;;;;;;;;;;;;;;;;;;;;;;;
AIDS;1992;3;;;;;;;;;;;;;;;;;;;;;;;;;;;;;;;;
AIDS;1993;3;;;;;;;;;;;;;;;;;;;;;;;;;;;;;;;;
AIDS;1994;206;;;;;;;;;;;;;;;;;;;;;;;;;;;;;;;;
AIDS;1995;248;;;;;;;;;;;;;;;;;;;;;;;;;;;;;;;;
AIDS;1996;171;;;;;;;;;;;;;;;;;;;;;;;;;;;;;;;;
AIDS;1997;73;;;;;;;;;;;;;;;;;;;;;;;;;;;;;;;;
AIDS;1998;48;;;;;;;;;;;;;;;;;;;;;;;;;;;;;;;;
AIDS;1999;51;;;;;;;;;;;;;;;;;;;;;;;;;;;;;;;;
AIDS;2000;35;;;;;;;;;;;;;;;;;;;;;;;;;;;;;;;;
AIDS;2001;40;;;;;;;;;;;;;;;;;;;;;;;;;;;;;;;;
AIDS;2002;43;;;;;;;;;;;;;;;;;;;;;;;;;;;;;;;;
AIDS;2003;50;;;;;;;;;;;;;;;;;;;;;;;;;;;;;;;;
AIDS;2004;47;;;;;;;;;;;;;;;;;;;;;;;;;;;;;;;;
AIDS;2005;40;;;;;;;;;;;;;;;;;;;;;;;;;;;;;;;;
AIDS;2006;32;;;;;;;;;;;;;;;;;;;;;;;;;;;;;;;;
AIDS;2007;36;;;;;;;;;;;;;;;;;;;;;;;;;;;;;;;;
AIDS;2008;30;;;;;;;;;;;;;;;;;;;;;;;;;;;;;;;;
AIDS;2009;39;;;;;;;;;;;;;;;;;;;;;;;;;;;;;;;;
AIDS;2010;41;;;;;;;;;;;;;;;;;;;;;;;;;;;;;;;;
AIDS;2011;30;;;;;;;;;;;;;;;;;;;;;;;;;;;;;;;;
AIDS;2012;34;;;;;;;;;;;;;;;;;;;;;;;;;;;;;;;;
AIDS;2013;35;;;;;;;;;;;;;;;;;;;;;;;;;;;;;;;;
AIDS;2014;23;;;;;;;;;;;;;;;;;;;;;;;;;;;;;;;;
AIDS;2015;29;;;;;;;;;;;;;;;;;;;;;;;;;;;;;;;;
AIDS;2016;27;;;;;;;;;;;;;;;;;;;;;;;;;;;;;;;;
AIDS;2017;26;;;;;;;;;;;;;;;;;;;;;;;;;;;;;;;;
AIDS;2018;25;;;;;;;;;;;;;;;;;;;;;;;;;;;;;;;;
AIDS;2019;24;;;;;;;;;;;;;;;;;;;;;;;;;;;;;;;;
Drugs;1990;161;;;;;;;;;;;;;;;;;;;;;;;;;;;;;;;;
Drugs;1991;171;;;;;;;;;;;;;;;;;;;;;;;;;;;;;;;;
Drugs;1992;182;;;;;;;;;;;;;;;;;;;;;;;;;;;;;;;;
Drugs;1993;195;;;;;;;;;;;;;;;;;;;;;;;;;;;;;;;;
Drugs;1994;206;;;;;;;;;;;;;;;;;;;;;;;;;;;;;;;;
Drugs;1995;205;;;;;;;;;;;;;;;;;;;;;;;;;;;;;;;;
Drugs;1996;199;;;;;;;;;;;;;;;;;;;;;;;;;;;;;;;;
Drugs;1997;201;;;;;;;;;;;;;;;;;;;;;;;;;;;;;;;;
Drugs;1998;198;;;;;;;;;;;;;;;;;;;;;;;;;;;;;;;;
Drugs;1999;202;;;;;;;;;;;;;;;;;;;;;;;;;;;;;;;;
Drugs;2000;195;;;;;;;;;;;;;;;;;;;;;;;;;;;;;;;;
Drugs;2001;193;;;;;;;;;;;;;;;;;;;;;;;;;;;;;;;;
Drugs;2002;189;;;;;;;;;;;;;;;;;;;;;;;;;;;;;;;;
Drugs;2003;187;;;;;;;;;;;;;;;;;;;;;;;;;;;;;;;;
Drugs;2004;189;;;;;;;;;;;;;;;;;;;;;;;;;;;;;;;;
Drugs;2005;197;;;;;;;;;;;;;;;;;;;;;;;;;;;;;;;;
Drugs;2006;203;;;;;;;;;;;;;;;;;;;;;;;;;;;;;;;;
Drugs;2007;208;;;;;;;;;;;;;;;;;;;;;;;;;;;;;;;;
Drugs;2008;218;;;;;;;;;;;;;;;;;;;;;;;;;;;;;;;;
Drugs;2009;224;;;;;;;;;;;;;;;;;;;;;;;;;;;;;;;;
Drugs;2010;220;;;;;;;;;;;;;;;;;;;;;;;;;;;;;;;;
Drugs;2011;216;;;;;;;;;;;;;;;;;;;;;;;;;;;;;;;;
Drugs;2012;204;;;;;;;;;;;;;;;;;;;;;;;;;;;;;;;;
Drugs;2013;200;;;;;;;;;;;;;;;;;;;;;;;;;;;;;;;;
Drugs;2014;197;;;;;;;;;;;;;;;;;;;;;;;;;;;;;;;;
Drugs;2015;192;;;;;;;;;;;;;;;;;;;;;;;;;;;;;;;;
Drugs;2016;195;;;;;;;;;;;;;;;;;;;;;;;;;;;;;;;;
Drugs;2017;195;;;;;;;;;;;;;;;;;;;;;;;;;;;;;;;;
Drugs;2018;196;;;;;;;;;;;;;;;;;;;;;;;;;;;;;;;;
Drugs;2019;198;;;;;;;;;;;;;;;;;;;;;;;;;;;;;;;;
Tuberculosis;1990;61;;;;;;;;;;;;;;;;;;;;;;;;;;;;;;;;
Tuberculosis;1991;59;;;;;;;;;;;;;;;;;;;;;;;;;;;;;;;;
Tuberculosis;1992;60;;;;;;;;;;;;;;;;;;;;;;;;;;;;;;;;
Tuberculosis;1993;59;;;;;;;;;;;;;;;;;;;;;;;;;;;;;;;;
Tuberculosis;1994;58;;;;;;;;;;;;;;;;;;;;;;;;;;;;;;;;
Tuberculosis;1995;58;;;;;;;;;;;;;;;;;;;;;;;;;;;;;;;;
Tuberculosis;1996;57;;;;;;;;;;;;;;;;;;;;;;;;;;;;;;;;
Tuberculosis;1997;54;;;;;;;;;;;;;;;;;;;;;;;;;;;;;;;;
Tuberculosis;1998;52;;;;;;;;;;;;;;;;;;;;;;;;;;;;;;;;
Tuberculosis;1999;50;;;;;;;;;;;;;;;;;;;;;;;;;;;;;;;;
Tuberculosis;2000;49;;;;;;;;;;;;;;;;;;;;;;;;;;;;;;;;
Tuberculosis;2001;49;;;;;;;;;;;;;;;;;;;;;;;;;;;;;;;;
Tuberculosis;2002;49;;;;;;;;;;;;;;;;;;;;;;;;;;;;;;;;
Tuberculosis;2003;46;;;;;;;;;;;;;;;;;;;;;;;;;;;;;;;;
Tuberculosis;2004;45;;;;;;;;;;;;;;;;;;;;;;;;;;;;;;;;
Tuberculosis;2005;42;;;;;;;;;;;;;;;;;;;;;;;;;;;;;;;;
Tuberculosis;2006;40;;;;;;;;;;;;;;;;;;;;;;;;;;;;;;;;
Tuberculosis;2007;40;;;;;;;;;;;;;;;;;;;;;;;;;;;;;;;;
Tuberculosis;2008;36;;;;;;;;;;;;;;;;;;;;;;;;;;;;;;;;
Tuberculosis;2009;35;;;;;;;;;;;;;;;;;;;;;;;;;;;;;;;;
Tuberculosis;2010;34;;;;;;;;;;;;;;;;;;;;;;;;;;;;;;;;
Tuberculosis;2011;30;;;;;;;;;;;;;;;;;;;;;;;;;;;;;;;;
Tuberculosis;2012;29;;;;;;;;;;;;;;;;;;;;;;;;;;;;;;;;
Tuberculosis;2013;28;;;;;;;;;;;;;;;;;;;;;;;;;;;;;;;;
Tuberculosis;2014;26;;;;;;;;;;;;;;;;;;;;;;;;;;;;;;;;
Tuberculosis;2015;27;;;;;;;;;;;;;;;;;;;;;;;;;;;;;;;;
Tuberculosis;2016;26;;;;;;;;;;;;;;;;;;;;;;;;;;;;;;;;
Tuberculosis;2017;26;;;;;;;;;;;;;;;;;;;;;;;;;;;;;;;;
Tuberculosis;2018;27;;;;;;;;;;;;;;;;;;;;;;;;;;;;;;;;
Tuberculosis;2019;27;;;;;;;;;;;;;;;;;;;;;;;;;;;;;;;;
CardiovascularDiseases;1990;26872;;;;;;;;;;;;;;;;;;;;;;;;;;;;;;;;
CardiovascularDiseases;1991;26523;;;;;;;;;;;;;;;;;;;;;;;;;;;;;;;;
CardiovascularDiseases;1992;26617;;;;;;;;;;;;;;;;;;;;;;;;;;;;;;;;
CardiovascularDiseases;1993;26589;;;;;;;;;;;;;;;;;;;;;;;;;;;;;;;;
CardiovascularDiseases;1994;26169;;;;;;;;;;;;;;;;;;;;;;;;;;;;;;;;
CardiovascularDiseases;1995;25618;;;;;;;;;;;;;;;;;;;;;;;;;;;;;;;;
CardiovascularDiseases;1996;24444;;;;;;;;;;;;;;;;;;;;;;;;;;;;;;;;
CardiovascularDiseases;1997;23181;;;;;;;;;;;;;;;;;;;;;;;;;;;;;;;;
CardiovascularDiseases;1998;21902;;;;;;;;;;;;;;;;;;;;;;;;;;;;;;;;
CardiovascularDiseases;1999;21561;;;;;;;;;;;;;;;;;;;;;;;;;;;;;;;;
CardiovascularDiseases;2000;20688;;;;;;;;;;;;;;;;;;;;;;;;;;;;;;;;
CardiovascularDiseases;2001;20762;;;;;;;;;;;;;;;;;;;;;;;;;;;;;;;;
CardiovascularDiseases;2002;20444;;;;;;;;;;;;;;;;;;;;;;;;;;;;;;;;
CardiovascularDiseases;2003;19630;;;;;;;;;;;;;;;;;;;;;;;;;;;;;;;;
CardiovascularDiseases;2004;18708;;;;;;;;;;;;;;;;;;;;;;;;;;;;;;;;
CardiovascularDiseases;2005;17847;;;;;;;;;;;;;;;;;;;;;;;;;;;;;;;;
CardiovascularDiseases;2006;17380;;;;;;;;;;;;;;;;;;;;;;;;;;;;;;;;
CardiovascularDiseases;2007;16909;;;;;;;;;;;;;;;;;;;;;;;;;;;;;;;;
CardiovascularDiseases;2008;16250;;;;;;;;;;;;;;;;;;;;;;;;;;;;;;;;
CardiovascularDiseases;2009;15846;;;;;;;;;;;;;;;;;;;;;;;;;;;;;;;;
CardiovascularDiseases;2010;15291;;;;;;;;;;;;;;;;;;;;;;;;;;;;;;;;
CardiovascularDiseases;2011;14680;;;;;;;;;;;;;;;;;;;;;;;;;;;;;;;;
CardiovascularDiseases;2012;14343;;;;;;;;;;;;;;;;;;;;;;;;;;;;;;;;
CardiovascularDiseases;2013;14076;;;;;;;;;;;;;;;;;;;;;;;;;;;;;;;;
CardiovascularDiseases;2014;13837;;;;;;;;;;;;;;;;;;;;;;;;;;;;;;;;
CardiovascularDiseases;2015;13871;;;;;;;;;;;;;;;;;;;;;;;;;;;;;;;;
CardiovascularDiseases;2016;14307;;;;;;;;;;;;;;;;;;;;;;;;;;;;;;;;
CardiovascularDiseases;2017;14668;;;;;;;;;;;;;;;;;;;;;;;;;;;;;;;;
CardiovascularDiseases;2018;14986;;;;;;;;;;;;;;;;;;;;;;;;;;;;;;;;
CardiovascularDiseases;2019;15330;;;;;;;;;;;;;;;;;;;;;;;;;;;;;;;;
LowerRespiratoryInfections;1990;1836;;;;;;;;;;;;;;;;;;;;;;;;;;;;;;;;
LowerRespiratoryInfections;1991;1884;;;;;;;;;;;;;;;;;;;;;;;;;;;;;;;;
LowerRespiratoryInfections;1992;1974;;;;;;;;;;;;;;;;;;;;;;;;;;;;;;;;
LowerRespiratoryInfections;1993;2056;;;;;;;;;;;;;;;;;;;;;;;;;;;;;;;;
LowerRespiratoryInfections;1994;2054;;;;;;;;;;;;;;;;;;;;;;;;;;;;;;;;
LowerRespiratoryInfections;1995;2079;;;;;;;;;;;;;;;;;;;;;;;;;;;;;;;;
LowerRespiratoryInfections;1996;2034;;;;;;;;;;;;;;;;;;;;;;;;;;;;;;;;
LowerRespiratoryInfections;1997;1879;;;;;;;;;;;;;;;;;;;;;;;;;;;;;;;;
LowerRespiratoryInfections;1998;1751;;;;;;;;;;;;;;;;;;;;;;;;;;;;;;;;
LowerRespiratoryInfections;1999;1730;;;;;;;;;;;;;;;;;;;;;;;;;;;;;;;;
LowerRespiratoryInfections;2000;1682;;;;;;;;;;;;;;;;;;;;;;;;;;;;;;;;
LowerRespiratoryInfections;2001;1797;;;;;;;;;;;;;;;;;;;;;;;;;;;;;;;;
LowerRespiratoryInfections;2002;1970;;;;;;;;;;;;;;;;;;;;;;;;;;;;;;;;
LowerRespiratoryInfections;2003;2065;;;;;;;;;;;;;;;;;;;;;;;;;;;;;;;;
LowerRespiratoryInfections;2004;2106;;;;;;;;;;;;;;;;;;;;;;;;;;;;;;;;
LowerRespiratoryInfections;2005;2136;;;;;;;;;;;;;;;;;;;;;;;;;;;;;;;;
LowerRespiratoryInfections;2006;2215;;;;;;;;;;;;;;;;;;;;;;;;;;;;;;;;
LowerRespiratoryInfections;2007;2296;;;;;;;;;;;;;;;;;;;;;;;;;;;;;;;;
LowerRespiratoryInfections;2008;2346;;;;;;;;;;;;;;;;;;;;;;;;;;;;;;;;
LowerRespiratoryInfections;2009;2401;;;;;;;;;;;;;;;;;;;;;;;;;;;;;;;;
LowerRespiratoryInfections;2010;2379;;;;;;;;;;;;;;;;;;;;;;;;;;;;;;;;
LowerRespiratoryInfections;2011;2351;;;;;;;;;;;;;;;;;;;;;;;;;;;;;;;;
LowerRespiratoryInfections;2012;2337;;;;;;;;;;;;;;;;;;;;;;;;;;;;;;;;
LowerRespiratoryInfections;2013;2344;;;;;;;;;;;;;;;;;;;;;;;;;;;;;;;;
LowerRespiratoryInfections;2014;2296;;;;;;;;;;;;;;;;;;;;;;;;;;;;;;;;
LowerRespiratoryInfections;2015;2313;;;;;;;;;;;;;;;;;;;;;;;;;;;;;;;;
LowerRespiratoryInfections;2016;2362;;;;;;;;;;;;;;;;;;;;;;;;;;;;;;;;
LowerRespiratoryInfections;2017;2402;;;;;;;;;;;;;;;;;;;;;;;;;;;;;;;;
LowerRespiratoryInfections;2018;2431;;;;;;;;;;;;;;;;;;;;;;;;;;;;;;;;
LowerRespiratoryInfections;2019;2473;;;;;;;;;;;;;;;;;;;;;;;;;;;;;;;;
NeonatalDisorders;1990;193;;;;;;;;;;;;;;;;;;;;;;;;;;;;;;;;
NeonatalDisorders;1991;192;;;;;;;;;;;;;;;;;;;;;;;;;;;;;;;;
NeonatalDisorders;1992;181;;;;;;;;;;;;;;;;;;;;;;;;;;;;;;;;
NeonatalDisorders;1993;166;;;;;;;;;;;;;;;;;;;;;;;;;;;;;;;;
NeonatalDisorders;1994;171;;;;;;;;;;;;;;;;;;;;;;;;;;;;;;;;
NeonatalDisorders;1995;165;;;;;;;;;;;;;;;;;;;;;;;;;;;;;;;;
NeonatalDisorders;1996;166;;;;;;;;;;;;;;;;;;;;;;;;;;;;;;;;
NeonatalDisorders;1997;160;;;;;;;;;;;;;;;;;;;;;;;;;;;;;;;;
NeonatalDisorders;1998;151;;;;;;;;;;;;;;;;;;;;;;;;;;;;;;;;
NeonatalDisorders;1999;143;;;;;;;;;;;;;;;;;;;;;;;;;;;;;;;;
NeonatalDisorders;2000;153;;;;;;;;;;;;;;;;;;;;;;;;;;;;;;;;
NeonatalDisorders;2001;152;;;;;;;;;;;;;;;;;;;;;;;;;;;;;;;;
NeonatalDisorders;2002;147;;;;;;;;;;;;;;;;;;;;;;;;;;;;;;;;
NeonatalDisorders;2003;149;;;;;;;;;;;;;;;;;;;;;;;;;;;;;;;;
NeonatalDisorders;2004;150;;;;;;;;;;;;;;;;;;;;;;;;;;;;;;;;
NeonatalDisorders;2005;149;;;;;;;;;;;;;;;;;;;;;;;;;;;;;;;;
NeonatalDisorders;2006;134;;;;;;;;;;;;;;;;;;;;;;;;;;;;;;;;
NeonatalDisorders;2007;143;;;;;;;;;;;;;;;;;;;;;;;;;;;;;;;;
NeonatalDisorders;2008;141;;;;;;;;;;;;;;;;;;;;;;;;;;;;;;;;
NeonatalDisorders;2009;125;;;;;;;;;;;;;;;;;;;;;;;;;;;;;;;;
NeonatalDisorders;2010;121;;;;;;;;;;;;;;;;;;;;;;;;;;;;;;;;
NeonatalDisorders;2011;118;;;;;;;;;;;;;;;;;;;;;;;;;;;;;;;;
NeonatalDisorders;2012;115;;;;;;;;;;;;;;;;;;;;;;;;;;;;;;;;
NeonatalDisorders;2013;117;;;;;;;;;;;;;;;;;;;;;;;;;;;;;;;;
NeonatalDisorders;2014;124;;;;;;;;;;;;;;;;;;;;;;;;;;;;;;;;
NeonatalDisorders;2015;121;;;;;;;;;;;;;;;;;;;;;;;;;;;;;;;;
NeonatalDisorders;2016;118;;;;;;;;;;;;;;;;;;;;;;;;;;;;;;;;
NeonatalDisorders;2017;116;;;;;;;;;;;;;;;;;;;;;;;;;;;;;;;;
NeonatalDisorders;2018;113;;;;;;;;;;;;;;;;;;;;;;;;;;;;;;;;
NeonatalDisorders;2019;110;;;;;;;;;;;;;;;;;;;;;;;;;;;;;;;;
Alcohol;1990;355;;;;;;;;;;;;;;;;;;;;;;;;;;;;;;;;
Alcohol;1991;358;;;;;;;;;;;;;;;;;;;;;;;;;;;;;;;;
Alcohol;1992;360;;;;;;;;;;;;;;;;;;;;;;;;;;;;;;;;
Alcohol;1993;363;;;;;;;;;;;;;;;;;;;;;;;;;;;;;;;;
Alcohol;1994;360;;;;;;;;;;;;;;;;;;;;;;;;;;;;;;;;
Alcohol;1995;370;;;;;;;;;;;;;;;;;;;;;;;;;;;;;;;;
Alcohol;1996;400;;;;;;;;;;;;;;;;;;;;;;;;;;;;;;;;
Alcohol;1997;422;;;;;;;;;;;;;;;;;;;;;;;;;;;;;;;;
Alcohol;1998;473;;;;;;;;;;;;;;;;;;;;;;;;;;;;;;;;
Alcohol;1999;535;;;;;;;;;;;;;;;;;;;;;;;;;;;;;;;;
Alcohol;2000;589;;;;;;;;;;;;;;;;;;;;;;;;;;;;;;;;
Alcohol;2001;643;;;;;;;;;;;;;;;;;;;;;;;;;;;;;;;;
Alcohol;2002;700;;;;;;;;;;;;;;;;;;;;;;;;;;;;;;;;
Alcohol;2003;741;;;;;;;;;;;;;;;;;;;;;;;;;;;;;;;;
Alcohol;2004;798;;;;;;;;;;;;;;;;;;;;;;;;;;;;;;;;
Alcohol;2005;842;;;;;;;;;;;;;;;;;;;;;;;;;;;;;;;;
Alcohol;2006;866;;;;;;;;;;;;;;;;;;;;;;;;;;;;;;;;
Alcohol;2007;885;;;;;;;;;;;;;;;;;;;;;;;;;;;;;;;;
Alcohol;2008;891;;;;;;;;;;;;;;;;;;;;;;;;;;;;;;;;
Alcohol;2009;864;;;;;;;;;;;;;;;;;;;;;;;;;;;;;;;;
Alcohol;2010;833;;;;;;;;;;;;;;;;;;;;;;;;;;;;;;;;
Alcohol;2011;820;;;;;;;;;;;;;;;;;;;;;;;;;;;;;;;;
Alcohol;2012;810;;;;;;;;;;;;;;;;;;;;;;;;;;;;;;;;
Alcohol;2013;799;;;;;;;;;;;;;;;;;;;;;;;;;;;;;;;;
Alcohol;2014;788;;;;;;;;;;;;;;;;;;;;;;;;;;;;;;;;
Alcohol;2015;794;;;;;;;;;;;;;;;;;;;;;;;;;;;;;;;;
Alcohol;2016;803;;;;;;;;;;;;;;;;;;;;;;;;;;;;;;;;
Alcohol;2017;807;;;;;;;;;;;;;;;;;;;;;;;;;;;;;;;;
Alcohol;2018;812;;;;;;;;;;;;;;;;;;;;;;;;;;;;;;;;
Alcohol;2019;817;;;;;;;;;;;;;;;;;;;;;;;;;;;;;;;;
SelfHarm;1990;1533;;;;;;;;;;;;;;;;;;;;;;;;;;;;;;;;
SelfHarm;1991;1475;;;;;;;;;;;;;;;;;;;;;;;;;;;;;;;;
SelfHarm;1992;1435;;;;;;;;;;;;;;;;;;;;;;;;;;;;;;;;
SelfHarm;1993;1400;;;;;;;;;;;;;;;;;;;;;;;;;;;;;;;;
SelfHarm;1994;1327;;;;;;;;;;;;;;;;;;;;;;;;;;;;;;;;
SelfHarm;1995;1246;;;;;;;;;;;;;;;;;;;;;;;;;;;;;;;;
SelfHarm;1996;1175;;;;;;;;;;;;;;;;;;;;;;;;;;;;;;;;
SelfHarm;1997;1090;;;;;;;;;;;;;;;;;;;;;;;;;;;;;;;;
SelfHarm;1998;1008;;;;;;;;;;;;;;;;;;;;;;;;;;;;;;;;
SelfHarm;1999;968;;;;;;;;;;;;;;;;;;;;;;;;;;;;;;;;
SelfHarm;2000;889;;;;;;;;;;;;;;;;;;;;;;;;;;;;;;;;
SelfHarm;2001;863;;;;;;;;;;;;;;;;;;;;;;;;;;;;;;;;
SelfHarm;2002;846;;;;;;;;;;;;;;;;;;;;;;;;;;;;;;;;
SelfHarm;2003;815;;;;;;;;;;;;;;;;;;;;;;;;;;;;;;;;
SelfHarm;2004;796;;;;;;;;;;;;;;;;;;;;;;;;;;;;;;;;
SelfHarm;2005;765;;;;;;;;;;;;;;;;;;;;;;;;;;;;;;;;
SelfHarm;2006;764;;;;;;;;;;;;;;;;;;;;;;;;;;;;;;;;
SelfHarm;2007;756;;;;;;;;;;;;;;;;;;;;;;;;;;;;;;;;
SelfHarm;2008;739;;;;;;;;;;;;;;;;;;;;;;;;;;;;;;;;
SelfHarm;2009;729;;;;;;;;;;;;;;;;;;;;;;;;;;;;;;;;
SelfHarm;2010;708;;;;;;;;;;;;;;;;;;;;;;;;;;;;;;;;
SelfHarm;2011;692;;;;;;;;;;;;;;;;;;;;;;;;;;;;;;;;
SelfHarm;2012;683;;;;;;;;;;;;;;;;;;;;;;;;;;;;;;;;
SelfHarm;2013;671;;;;;;;;;;;;;;;;;;;;;;;;;;;;;;;;
SelfHarm;2014;661;;;;;;;;;;;;;;;;;;;;;;;;;;;;;;;;
SelfHarm;2015;651;;;;;;;;;;;;;;;;;;;;;;;;;;;;;;;;
SelfHarm;2016;661;;;;;;;;;;;;;;;;;;;;;;;;;;;;;;;;
SelfHarm;2017;671;;;;;;;;;;;;;;;;;;;;;;;;;;;;;;;;
SelfHarm;2018;673;;;;;;;;;;;;;;;;;;;;;;;;;;;;;;;;
SelfHarm;2019;668;;;;;;;;;;;;;;;;;;;;;;;;;;;;;;;;
DiarrhealDiseases;1990;81;;;;;;;;;;;;;;;;;;;;;;;;;;;;;;;;
DiarrhealDiseases;1991;84;;;;;;;;;;;;;;;;;;;;;;;;;;;;;;;;
DiarrhealDiseases;1992;90;;;;;;;;;;;;;;;;;;;;;;;;;;;;;;;;
DiarrhealDiseases;1993;94;;;;;;;;;;;;;;;;;;;;;;;;;;;;;;;;
DiarrhealDiseases;1994;97;;;;;;;;;;;;;;;;;;;;;;;;;;;;;;;;
DiarrhealDiseases;1995;103;;;;;;;;;;;;;;;;;;;;;;;;;;;;;;;;
DiarrhealDiseases;1996;102;;;;;;;;;;;;;;;;;;;;;;;;;;;;;;;;
DiarrhealDiseases;1997;100;;;;;;;;;;;;;;;;;;;;;;;;;;;;;;;;
DiarrhealDiseases;1998;98;;;;;;;;;;;;;;;;;;;;;;;;;;;;;;;;
DiarrhealDiseases;1999;109;;;;;;;;;;;;;;;;;;;;;;;;;;;;;;;;
DiarrhealDiseases;2000;120;;;;;;;;;;;;;;;;;;;;;;;;;;;;;;;;
DiarrhealDiseases;2001;142;;;;;;;;;;;;;;;;;;;;;;;;;;;;;;;;
DiarrhealDiseases;2002;176;;;;;;;;;;;;;;;;;;;;;;;;;;;;;;;;
DiarrhealDiseases;2003;198;;;;;;;;;;;;;;;;;;;;;;;;;;;;;;;;
DiarrhealDiseases;2004;216;;;;;;;;;;;;;;;;;;;;;;;;;;;;;;;;
DiarrhealDiseases;2005;237;;;;;;;;;;;;;;;;;;;;;;;;;;;;;;;;
DiarrhealDiseases;2006;266;;;;;;;;;;;;;;;;;;;;;;;;;;;;;;;;
DiarrhealDiseases;2007;289;;;;;;;;;;;;;;;;;;;;;;;;;;;;;;;;
DiarrhealDiseases;2008;303;;;;;;;;;;;;;;;;;;;;;;;;;;;;;;;;
DiarrhealDiseases;2009;332;;;;;;;;;;;;;;;;;;;;;;;;;;;;;;;;
DiarrhealDiseases;2010;350;;;;;;;;;;;;;;;;;;;;;;;;;;;;;;;;
DiarrhealDiseases;2011;362;;;;;;;;;;;;;;;;;;;;;;;;;;;;;;;;
DiarrhealDiseases;2012;374;;;;;;;;;;;;;;;;;;;;;;;;;;;;;;;;
DiarrhealDiseases;2013;382;;;;;;;;;;;;;;;;;;;;;;;;;;;;;;;;
DiarrhealDiseases;2014;384;;;;;;;;;;;;;;;;;;;;;;;;;;;;;;;;
DiarrhealDiseases;2015;382;;;;;;;;;;;;;;;;;;;;;;;;;;;;;;;;
DiarrhealDiseases;2016;377;;;;;;;;;;;;;;;;;;;;;;;;;;;;;;;;
DiarrhealDiseases;2017;375;;;;;;;;;;;;;;;;;;;;;;;;;;;;;;;;
DiarrhealDiseases;2018;373;;;;;;;;;;;;;;;;;;;;;;;;;;;;;;;;
DiarrhealDiseases;2019;372;;;;;;;;;;;;;;;;;;;;;;;;;;;;;;;;
Neoplasms;1990;15158;;;;;;;;;;;;;;;;;;;;;;;;;;;;;;;;
Neoplasms;1991;15218;;;;;;;;;;;;;;;;;;;;;;;;;;;;;;;;
Neoplasms;1992;15459;;;;;;;;;;;;;;;;;;;;;;;;;;;;;;;;
Neoplasms;1993;15761;;;;;;;;;;;;;;;;;;;;;;;;;;;;;;;;
Neoplasms;1994;16219;;;;;;;;;;;;;;;;;;;;;;;;;;;;;;;;
Neoplasms;1995;16475;;;;;;;;;;;;;;;;;;;;;;;;;;;;;;;;
Neoplasms;1996;16484;;;;;;;;;;;;;;;;;;;;;;;;;;;;;;;;
Neoplasms;1997;16415;;;;;;;;;;;;;;;;;;;;;;;;;;;;;;;;
Neoplasms;1998;16320;;;;;;;;;;;;;;;;;;;;;;;;;;;;;;;;
Neoplasms;1999;16498;;;;;;;;;;;;;;;;;;;;;;;;;;;;;;;;
Neoplasms;2000;16384;;;;;;;;;;;;;;;;;;;;;;;;;;;;;;;;
Neoplasms;2001;16572;;;;;;;;;;;;;;;;;;;;;;;;;;;;;;;;
Neoplasms;2002;16713;;;;;;;;;;;;;;;;;;;;;;;;;;;;;;;;
Neoplasms;2003;16713;;;;;;;;;;;;;;;;;;;;;;;;;;;;;;;;
Neoplasms;2004;16759;;;;;;;;;;;;;;;;;;;;;;;;;;;;;;;;
Neoplasms;2005;16753;;;;;;;;;;;;;;;;;;;;;;;;;;;;;;;;
Neoplasms;2006;16992;;;;;;;;;;;;;;;;;;;;;;;;;;;;;;;;
Neoplasms;2007;17172;;;;;;;;;;;;;;;;;;;;;;;;;;;;;;;;
Neoplasms;2008;17285;;;;;;;;;;;;;;;;;;;;;;;;;;;;;;;;
Neoplasms;2009;17514;;;;;;;;;;;;;;;;;;;;;;;;;;;;;;;;
Neoplasms;2010;17632;;;;;;;;;;;;;;;;;;;;;;;;;;;;;;;;
Neoplasms;2011;17448;;;;;;;;;;;;;;;;;;;;;;;;;;;;;;;;
Neoplasms;2012;17464;;;;;;;;;;;;;;;;;;;;;;;;;;;;;;;;
Neoplasms;2013;17464;;;;;;;;;;;;;;;;;;;;;;;;;;;;;;;;
Neoplasms;2014;17440;;;;;;;;;;;;;;;;;;;;;;;;;;;;;;;;
Neoplasms;2015;17459;;;;;;;;;;;;;;;;;;;;;;;;;;;;;;;;
Neoplasms;2016;17626;;;;;;;;;;;;;;;;;;;;;;;;;;;;;;;;
Neoplasms;2017;17867;;;;;;;;;;;;;;;;;;;;;;;;;;;;;;;;
Neoplasms;2018;18188;;;;;;;;;;;;;;;;;;;;;;;;;;;;;;;;
Neoplasms;2019;18488;;;;;;;;;;;;;;;;;;;;;;;;;;;;;;;;
Diabetes;1990;886;;;;;;;;;;;;;;;;;;;;;;;;;;;;;;;;
Diabetes;1991;887;;;;;;;;;;;;;;;;;;;;;;;;;;;;;;;;
Diabetes;1992;909;;;;;;;;;;;;;;;;;;;;;;;;;;;;;;;;
Diabetes;1993;935;;;;;;;;;;;;;;;;;;;;;;;;;;;;;;;;
Diabetes;1994;925;;;;;;;;;;;;;;;;;;;;;;;;;;;;;;;;
Diabetes;1995;929;;;;;;;;;;;;;;;;;;;;;;;;;;;;;;;;
Diabetes;1996;933;;;;;;;;;;;;;;;;;;;;;;;;;;;;;;;;
Diabetes;1997;1026;;;;;;;;;;;;;;;;;;;;;;;;;;;;;;;;
Diabetes;1998;1094;;;;;;;;;;;;;;;;;;;;;;;;;;;;;;;;
Diabetes;1999;1205;;;;;;;;;;;;;;;;;;;;;;;;;;;;;;;;
Diabetes;2000;1257;;;;;;;;;;;;;;;;;;;;;;;;;;;;;;;;
Diabetes;2001;1337;;;;;;;;;;;;;;;;;;;;;;;;;;;;;;;;
Diabetes;2002;1416;;;;;;;;;;;;;;;;;;;;;;;;;;;;;;;;
Diabetes;2003;1421;;;;;;;;;;;;;;;;;;;;;;;;;;;;;;;;
Diabetes;2004;1409;;;;;;;;;;;;;;;;;;;;;;;;;;;;;;;;
Diabetes;2005;1401;;;;;;;;;;;;;;;;;;;;;;;;;;;;;;;;
Diabetes;2006;1420;;;;;;;;;;;;;;;;;;;;;;;;;;;;;;;;
Diabetes;2007;1438;;;;;;;;;;;;;;;;;;;;;;;;;;;;;;;;
Diabetes;2008;1423;;;;;;;;;;;;;;;;;;;;;;;;;;;;;;;;
Diabetes;2009;1422;;;;;;;;;;;;;;;;;;;;;;;;;;;;;;;;
Diabetes;2010;1389;;;;;;;;;;;;;;;;;;;;;;;;;;;;;;;;
Diabetes;2011;1368;;;;;;;;;;;;;;;;;;;;;;;;;;;;;;;;
Diabetes;2012;1353;;;;;;;;;;;;;;;;;;;;;;;;;;;;;;;;
Diabetes;2013;1347;;;;;;;;;;;;;;;;;;;;;;;;;;;;;;;;
Diabetes;2014;1329;;;;;;;;;;;;;;;;;;;;;;;;;;;;;;;;
Diabetes;2015;1336;;;;;;;;;;;;;;;;;;;;;;;;;;;;;;;;
Diabetes;2016;1358;;;;;;;;;;;;;;;;;;;;;;;;;;;;;;;;
Diabetes;2017;1384;;;;;;;;;;;;;;;;;;;;;;;;;;;;;;;;
Diabetes;2018;1408;;;;;;;;;;;;;;;;;;;;;;;;;;;;;;;;
Diabetes;2019;1434;;;;;;;;;;;;;;;;;;;;;;;;;;;;;;;;
ChronicKidneyDisease;1990;373;;;;;;;;;;;;;;;;;;;;;;;;;;;;;;;;
ChronicKidneyDisease;1991;395;;;;;;;;;;;;;;;;;;;;;;;;;;;;;;;;
ChronicKidneyDisease;1992;428;;;;;;;;;;;;;;;;;;;;;;;;;;;;;;;;
ChronicKidneyDisease;1993;460;;;;;;;;;;;;;;;;;;;;;;;;;;;;;;;;
ChronicKidneyDisease;1994;512;;;;;;;;;;;;;;;;;;;;;;;;;;;;;;;;
ChronicKidneyDisease;1995;551;;;;;;;;;;;;;;;;;;;;;;;;;;;;;;;;
ChronicKidneyDisease;1996;572;;;;;;;;;;;;;;;;;;;;;;;;;;;;;;;;
ChronicKidneyDisease;1997;592;;;;;;;;;;;;;;;;;;;;;;;;;;;;;;;;
ChronicKidneyDisease;1998;612;;;;;;;;;;;;;;;;;;;;;;;;;;;;;;;;
ChronicKidneyDisease;1999;652;;;;;;;;;;;;;;;;;;;;;;;;;;;;;;;;
ChronicKidneyDisease;2000;691;;;;;;;;;;;;;;;;;;;;;;;;;;;;;;;;
ChronicKidneyDisease;2001;732;;;;;;;;;;;;;;;;;;;;;;;;;;;;;;;;
ChronicKidneyDisease;2002;777;;;;;;;;;;;;;;;;;;;;;;;;;;;;;;;;
ChronicKidneyDisease;2003;801;;;;;;;;;;;;;;;;;;;;;;;;;;;;;;;;
ChronicKidneyDisease;2004;813;;;;;;;;;;;;;;;;;;;;;;;;;;;;;;;;
ChronicKidneyDisease;2005;824;;;;;;;;;;;;;;;;;;;;;;;;;;;;;;;;
ChronicKidneyDisease;2006;854;;;;;;;;;;;;;;;;;;;;;;;;;;;;;;;;
ChronicKidneyDisease;2007;896;;;;;;;;;;;;;;;;;;;;;;;;;;;;;;;;
ChronicKidneyDisease;2008;919;;;;;;;;;;;;;;;;;;;;;;;;;;;;;;;;
ChronicKidneyDisease;2009;959;;;;;;;;;;;;;;;;;;;;;;;;;;;;;;;;
ChronicKidneyDisease;2010;1001;;;;;;;;;;;;;;;;;;;;;;;;;;;;;;;;
ChronicKidneyDisease;2011;1024;;;;;;;;;;;;;;;;;;;;;;;;;;;;;;;;
ChronicKidneyDisease;2012;1060;;;;;;;;;;;;;;;;;;;;;;;;;;;;;;;;
ChronicKidneyDisease;2013;1083;;;;;;;;;;;;;;;;;;;;;;;;;;;;;;;;
ChronicKidneyDisease;2014;1088;;;;;;;;;;;;;;;;;;;;;;;;;;;;;;;;
ChronicKidneyDisease;2015;1103;;;;;;;;;;;;;;;;;;;;;;;;;;;;;;;;
ChronicKidneyDisease;2016;1101;;;;;;;;;;;;;;;;;;;;;;;;;;;;;;;;
ChronicKidneyDisease;2017;1110;;;;;;;;;;;;;;;;;;;;;;;;;;;;;;;;
ChronicKidneyDisease;2018;1120;;;;;;;;;;;;;;;;;;;;;;;;;;;;;;;;
ChronicKidneyDisease;2019;1133;;;;;;;;;;;;;;;;;;;;;;;;;;;;;;;;
ProteinEnergyMalnutrition;1990;5;;;;;;;;;;;;;;;;;;;;;;;;;;;;;;;;
ProteinEnergyMalnutrition;1991;6;;;;;;;;;;;;;;;;;;;;;;;;;;;;;;;;
ProteinEnergyMalnutrition;1992;6;;;;;;;;;;;;;;;;;;;;;;;;;;;;;;;;
ProteinEnergyMalnutrition;1993;7;;;;;;;;;;;;;;;;;;;;;;;;;;;;;;;;
ProteinEnergyMalnutrition;1994;10;;;;;;;;;;;;;;;;;;;;;;;;;;;;;;;;
ProteinEnergyMalnutrition;1995;13;;;;;;;;;;;;;;;;;;;;;;;;;;;;;;;;
ProteinEnergyMalnutrition;1996;18;;;;;;;;;;;;;;;;;;;;;;;;;;;;;;;;
ProteinEnergyMalnutrition;1997;21;;;;;;;;;;;;;;;;;;;;;;;;;;;;;;;;
ProteinEnergyMalnutrition;1998;27;;;;;;;;;;;;;;;;;;;;;;;;;;;;;;;;
ProteinEnergyMalnutrition;1999;39;;;;;;;;;;;;;;;;;;;;;;;;;;;;;;;;
ProteinEnergyMalnutrition;2000;50;;;;;;;;;;;;;;;;;;;;;;;;;;;;;;;;
ProteinEnergyMalnutrition;2001;61;;;;;;;;;;;;;;;;;;;;;;;;;;;;;;;;
ProteinEnergyMalnutrition;2002;77;;;;;;;;;;;;;;;;;;;;;;;;;;;;;;;;
ProteinEnergyMalnutrition;2003;80;;;;;;;;;;;;;;;;;;;;;;;;;;;;;;;;
ProteinEnergyMalnutrition;2004;82;;;;;;;;;;;;;;;;;;;;;;;;;;;;;;;;
ProteinEnergyMalnutrition;2005;79;;;;;;;;;;;;;;;;;;;;;;;;;;;;;;;;
ProteinEnergyMalnutrition;2006;76;;;;;;;;;;;;;;;;;;;;;;;;;;;;;;;;
ProteinEnergyMalnutrition;2007;71;;;;;;;;;;;;;;;;;;;;;;;;;;;;;;;;
ProteinEnergyMalnutrition;2008;64;;;;;;;;;;;;;;;;;;;;;;;;;;;;;;;;
ProteinEnergyMalnutrition;2009;60;;;;;;;;;;;;;;;;;;;;;;;;;;;;;;;;
ProteinEnergyMalnutrition;2010;53;;;;;;;;;;;;;;;;;;;;;;;;;;;;;;;;
ProteinEnergyMalnutrition;2011;47;;;;;;;;;;;;;;;;;;;;;;;;;;;;;;;;
ProteinEnergyMalnutrition;2012;44;;;;;;;;;;;;;;;;;;;;;;;;;;;;;;;;
ProteinEnergyMalnutrition;2013;43;;;;;;;;;;;;;;;;;;;;;;;;;;;;;;;;
ProteinEnergyMalnutrition;2014;42;;;;;;;;;;;;;;;;;;;;;;;;;;;;;;;;
ProteinEnergyMalnutrition;2015;42;;;;;;;;;;;;;;;;;;;;;;;;;;;;;;;;
ProteinEnergyMalnutrition;2016;44;;;;;;;;;;;;;;;;;;;;;;;;;;;;;;;;
ProteinEnergyMalnutrition;2017;46;;;;;;;;;;;;;;;;;;;;;;;;;;;;;;;;
ProteinEnergyMalnutrition;2018;47;;;;;;;;;;;;;;;;;;;;;;;;;;;;;;;;
ProteinEnergyMalnutrition;2019;48;;;;;;;;;;;;;;;;;;;;;;;;;;;;;;;;
RoadInjuries;1990;761;;;;;;;;;;;;;;;;;;;;;;;;;;;;;;;;
RoadInjuries;1991;745;;;;;;;;;;;;;;;;;;;;;;;;;;;;;;;;
RoadInjuries;1992;726;;;;;;;;;;;;;;;;;;;;;;;;;;;;;;;;
RoadInjuries;1993;706;;;;;;;;;;;;;;;;;;;;;;;;;;;;;;;;
RoadInjuries;1994;684;;;;;;;;;;;;;;;;;;;;;;;;;;;;;;;;
RoadInjuries;1995;666;;;;;;;;;;;;;;;;;;;;;;;;;;;;;;;;
RoadInjuries;1996;635;;;;;;;;;;;;;;;;;;;;;;;;;;;;;;;;
RoadInjuries;1997;602;;;;;;;;;;;;;;;;;;;;;;;;;;;;;;;;
RoadInjuries;1998;584;;;;;;;;;;;;;;;;;;;;;;;;;;;;;;;;
RoadInjuries;1999;589;;;;;;;;;;;;;;;;;;;;;;;;;;;;;;;;
RoadInjuries;2000;559;;;;;;;;;;;;;;;;;;;;;;;;;;;;;;;;
RoadInjuries;2001;538;;;;;;;;;;;;;;;;;;;;;;;;;;;;;;;;
RoadInjuries;2002;529;;;;;;;;;;;;;;;;;;;;;;;;;;;;;;;;
RoadInjuries;2003;504;;;;;;;;;;;;;;;;;;;;;;;;;;;;;;;;
RoadInjuries;2004;475;;;;;;;;;;;;;;;;;;;;;;;;;;;;;;;;
RoadInjuries;2005;440;;;;;;;;;;;;;;;;;;;;;;;;;;;;;;;;
RoadInjuries;2006;424;;;;;;;;;;;;;;;;;;;;;;;;;;;;;;;;
RoadInjuries;2007;418;;;;;;;;;;;;;;;;;;;;;;;;;;;;;;;;
RoadInjuries;2008;399;;;;;;;;;;;;;;;;;;;;;;;;;;;;;;;;
RoadInjuries;2009;364;;;;;;;;;;;;;;;;;;;;;;;;;;;;;;;;
RoadInjuries;2010;333;;;;;;;;;;;;;;;;;;;;;;;;;;;;;;;;
RoadInjuries;2011;305;;;;;;;;;;;;;;;;;;;;;;;;;;;;;;;;
RoadInjuries;2012;282;;;;;;;;;;;;;;;;;;;;;;;;;;;;;;;;
RoadInjuries;2013;272;;;;;;;;;;;;;;;;;;;;;;;;;;;;;;;;
RoadInjuries;2014;266;;;;;;;;;;;;;;;;;;;;;;;;;;;;;;;;
RoadInjuries;2015;264;;;;;;;;;;;;;;;;;;;;;;;;;;;;;;;;
RoadInjuries;2016;275;;;;;;;;;;;;;;;;;;;;;;;;;;;;;;;;
RoadInjuries;2017;281;;;;;;;;;;;;;;;;;;;;;;;;;;;;;;;;
RoadInjuries;2018;289;;;;;;;;;;;;;;;;;;;;;;;;;;;;;;;;
RoadInjuries;2019;294;;;;;;;;;;;;;;;;;;;;;;;;;;;;;;;;
ChronicRespiratoryDiseases;1990;3265;;;;;;;;;;;;;;;;;;;;;;;;;;;;;;;;
ChronicRespiratoryDiseases;1991;3336;;;;;;;;;;;;;;;;;;;;;;;;;;;;;;;;
ChronicRespiratoryDiseases;1992;3466;;;;;;;;;;;;;;;;;;;;;;;;;;;;;;;;
ChronicRespiratoryDiseases;1993;3611;;;;;;;;;;;;;;;;;;;;;;;;;;;;;;;;
ChronicRespiratoryDiseases;1994;3743;;;;;;;;;;;;;;;;;;;;;;;;;;;;;;;;
ChronicRespiratoryDiseases;1995;3884;;;;;;;;;;;;;;;;;;;;;;;;;;;;;;;;
ChronicRespiratoryDiseases;1996;3955;;;;;;;;;;;;;;;;;;;;;;;;;;;;;;;;
ChronicRespiratoryDiseases;1997;4028;;;;;;;;;;;;;;;;;;;;;;;;;;;;;;;;
ChronicRespiratoryDiseases;1998;4070;;;;;;;;;;;;;;;;;;;;;;;;;;;;;;;;
ChronicRespiratoryDiseases;1999;4195;;;;;;;;;;;;;;;;;;;;;;;;;;;;;;;;
ChronicRespiratoryDiseases;2000;4175;;;;;;;;;;;;;;;;;;;;;;;;;;;;;;;;
ChronicRespiratoryDiseases;2001;4228;;;;;;;;;;;;;;;;;;;;;;;;;;;;;;;;
ChronicRespiratoryDiseases;2002;4228;;;;;;;;;;;;;;;;;;;;;;;;;;;;;;;;
ChronicRespiratoryDiseases;2003;4143;;;;;;;;;;;;;;;;;;;;;;;;;;;;;;;;
ChronicRespiratoryDiseases;2004;4018;;;;;;;;;;;;;;;;;;;;;;;;;;;;;;;;
ChronicRespiratoryDiseases;2005;3944;;;;;;;;;;;;;;;;;;;;;;;;;;;;;;;;
ChronicRespiratoryDiseases;2006;3970;;;;;;;;;;;;;;;;;;;;;;;;;;;;;;;;
ChronicRespiratoryDiseases;2007;4029;;;;;;;;;;;;;;;;;;;;;;;;;;;;;;;;
ChronicRespiratoryDiseases;2008;4055;;;;;;;;;;;;;;;;;;;;;;;;;;;;;;;;
ChronicRespiratoryDiseases;2009;4139;;;;;;;;;;;;;;;;;;;;;;;;;;;;;;;;
ChronicRespiratoryDiseases;2010;4151;;;;;;;;;;;;;;;;;;;;;;;;;;;;;;;;
ChronicRespiratoryDiseases;2011;4156;;;;;;;;;;;;;;;;;;;;;;;;;;;;;;;;
ChronicRespiratoryDiseases;2012;4190;;;;;;;;;;;;;;;;;;;;;;;;;;;;;;;;
ChronicRespiratoryDiseases;2013;4241;;;;;;;;;;;;;;;;;;;;;;;;;;;;;;;;
ChronicRespiratoryDiseases;2014;4233;;;;;;;;;;;;;;;;;;;;;;;;;;;;;;;;
ChronicRespiratoryDiseases;2015;4280;;;;;;;;;;;;;;;;;;;;;;;;;;;;;;;;
ChronicRespiratoryDiseases;2016;4344;;;;;;;;;;;;;;;;;;;;;;;;;;;;;;;;
ChronicRespiratoryDiseases;2017;4421;;;;;;;;;;;;;;;;;;;;;;;;;;;;;;;;
ChronicRespiratoryDiseases;2018;4497;;;;;;;;;;;;;;;;;;;;;;;;;;;;;;;;
ChronicRespiratoryDiseases;2019;4572;;;;;;;;;;;;;;;;;;;;;;;;;;;;;;;;
CirrhosisandChronicLiverDiseases;1990;770;;;;;;;;;;;;;;;;;;;;;;;;;;;;;;;;
CirrhosisandChronicLiverDiseases;1991;795;;;;;;;;;;;;;;;;;;;;;;;;;;;;;;;;
CirrhosisandChronicLiverDiseases;1992;839;;;;;;;;;;;;;;;;;;;;;;;;;;;;;;;;
CirrhosisandChronicLiverDiseases;1993;893;;;;;;;;;;;;;;;;;;;;;;;;;;;;;;;;
CirrhosisandChronicLiverDiseases;1994;964;;;;;;;;;;;;;;;;;;;;;;;;;;;;;;;;
CirrhosisandChronicLiverDiseases;1995;1012;;;;;;;;;;;;;;;;;;;;;;;;;;;;;;;;
CirrhosisandChronicLiverDiseases;1996;1033;;;;;;;;;;;;;;;;;;;;;;;;;;;;;;;;
CirrhosisandChronicLiverDiseases;1997;1066;;;;;;;;;;;;;;;;;;;;;;;;;;;;;;;;
CirrhosisandChronicLiverDiseases;1998;1066;;;;;;;;;;;;;;;;;;;;;;;;;;;;;;;;
CirrhosisandChronicLiverDiseases;1999;1109;;;;;;;;;;;;;;;;;;;;;;;;;;;;;;;;
CirrhosisandChronicLiverDiseases;2000;1073;;;;;;;;;;;;;;;;;;;;;;;;;;;;;;;;
CirrhosisandChronicLiverDiseases;2001;1088;;;;;;;;;;;;;;;;;;;;;;;;;;;;;;;;
CirrhosisandChronicLiverDiseases;2002;1115;;;;;;;;;;;;;;;;;;;;;;;;;;;;;;;;
CirrhosisandChronicLiverDiseases;2003;1125;;;;;;;;;;;;;;;;;;;;;;;;;;;;;;;;
CirrhosisandChronicLiverDiseases;2004;1122;;;;;;;;;;;;;;;;;;;;;;;;;;;;;;;;
CirrhosisandChronicLiverDiseases;2005;1106;;;;;;;;;;;;;;;;;;;;;;;;;;;;;;;;
CirrhosisandChronicLiverDiseases;2006;1133;;;;;;;;;;;;;;;;;;;;;;;;;;;;;;;;
CirrhosisandChronicLiverDiseases;2007;1136;;;;;;;;;;;;;;;;;;;;;;;;;;;;;;;;
CirrhosisandChronicLiverDiseases;2008;1118;;;;;;;;;;;;;;;;;;;;;;;;;;;;;;;;
CirrhosisandChronicLiverDiseases;2009;1109;;;;;;;;;;;;;;;;;;;;;;;;;;;;;;;;
CirrhosisandChronicLiverDiseases;2010;1086;;;;;;;;;;;;;;;;;;;;;;;;;;;;;;;;
CirrhosisandChronicLiverDiseases;2011;1031;;;;;;;;;;;;;;;;;;;;;;;;;;;;;;;;
CirrhosisandChronicLiverDiseases;2012;995;;;;;;;;;;;;;;;;;;;;;;;;;;;;;;;;
CirrhosisandChronicLiverDiseases;2013;969;;;;;;;;;;;;;;;;;;;;;;;;;;;;;;;;
CirrhosisandChronicLiverDiseases;2014;941;;;;;;;;;;;;;;;;;;;;;;;;;;;;;;;;
CirrhosisandChronicLiverDiseases;2015;918;;;;;;;;;;;;;;;;;;;;;;;;;;;;;;;;
CirrhosisandChronicLiverDiseases;2016;931;;;;;;;;;;;;;;;;;;;;;;;;;;;;;;;;
CirrhosisandChronicLiverDiseases;2017;941;;;;;;;;;;;;;;;;;;;;;;;;;;;;;;;;
CirrhosisandChronicLiverDiseases;2018;948;;;;;;;;;;;;;;;;;;;;;;;;;;;;;;;;
CirrhosisandChronicLiverDiseases;2019;955;;;;;;;;;;;;;;;;;;;;;;;;;;;;;;;;
DigestiveDiseases;1990;2155;;;;;;;;;;;;;;;;;;;;;;;;;;;;;;;;
DigestiveDiseases;1991;2229;;;;;;;;;;;;;;;;;;;;;;;;;;;;;;;;
DigestiveDiseases;1992;2363;;;;;;;;;;;;;;;;;;;;;;;;;;;;;;;;
DigestiveDiseases;1993;2515;;;;;;;;;;;;;;;;;;;;;;;;;;;;;;;;
DigestiveDiseases;1994;2713;;;;;;;;;;;;;;;;;;;;;;;;;;;;;;;;
DigestiveDiseases;1995;2853;;;;;;;;;;;;;;;;;;;;;;;;;;;;;;;;
DigestiveDiseases;1996;2899;;;;;;;;;;;;;;;;;;;;;;;;;;;;;;;;
DigestiveDiseases;1997;2975;;;;;;;;;;;;;;;;;;;;;;;;;;;;;;;;
DigestiveDiseases;1998;2977;;;;;;;;;;;;;;;;;;;;;;;;;;;;;;;;
DigestiveDiseases;1999;3068;;;;;;;;;;;;;;;;;;;;;;;;;;;;;;;;
DigestiveDiseases;2000;3028;;;;;;;;;;;;;;;;;;;;;;;;;;;;;;;;
DigestiveDiseases;2001;3092;;;;;;;;;;;;;;;;;;;;;;;;;;;;;;;;
DigestiveDiseases;2002;3133;;;;;;;;;;;;;;;;;;;;;;;;;;;;;;;;
DigestiveDiseases;2003;3109;;;;;;;;;;;;;;;;;;;;;;;;;;;;;;;;
DigestiveDiseases;2004;3072;;;;;;;;;;;;;;;;;;;;;;;;;;;;;;;;
DigestiveDiseases;2005;3038;;;;;;;;;;;;;;;;;;;;;;;;;;;;;;;;
DigestiveDiseases;2006;3057;;;;;;;;;;;;;;;;;;;;;;;;;;;;;;;;
DigestiveDiseases;2007;2973;;;;;;;;;;;;;;;;;;;;;;;;;;;;;;;;
DigestiveDiseases;2008;2928;;;;;;;;;;;;;;;;;;;;;;;;;;;;;;;;
DigestiveDiseases;2009;2846;;;;;;;;;;;;;;;;;;;;;;;;;;;;;;;;
DigestiveDiseases;2010;2717;;;;;;;;;;;;;;;;;;;;;;;;;;;;;;;;
DigestiveDiseases;2011;3035;;;;;;;;;;;;;;;;;;;;;;;;;;;;;;;;
DigestiveDiseases;2012;2629;;;;;;;;;;;;;;;;;;;;;;;;;;;;;;;;
DigestiveDiseases;2013;2570;;;;;;;;;;;;;;;;;;;;;;;;;;;;;;;;
DigestiveDiseases;2014;2517;;;;;;;;;;;;;;;;;;;;;;;;;;;;;;;;
DigestiveDiseases;2015;2493;;;;;;;;;;;;;;;;;;;;;;;;;;;;;;;;
DigestiveDiseases;2016;2550;;;;;;;;;;;;;;;;;;;;;;;;;;;;;;;;
DigestiveDiseases;2017;2598;;;;;;;;;;;;;;;;;;;;;;;;;;;;;;;;
DigestiveDiseases;2018;2639;;;;;;;;;;;;;;;;;;;;;;;;;;;;;;;;
DigestiveDiseases;2019;2684;;;;;;;;;;;;;;;;;;;;;;;;;;;;;;;;
Fire;1990;88;;;;;;;;;;;;;;;;;;;;;;;;;;;;;;;;
Fire;1991;90;;;;;;;;;;;;;;;;;;;;;;;;;;;;;;;;
Fire;1992;93;;;;;;;;;;;;;;;;;;;;;;;;;;;;;;;;
Fire;1993;94;;;;;;;;;;;;;;;;;;;;;;;;;;;;;;;;
Fire;1994;94;;;;;;;;;;;;;;;;;;;;;;;;;;;;;;;;
Fire;1995;95;;;;;;;;;;;;;;;;;;;;;;;;;;;;;;;;
Fire;1996;93;;;;;;;;;;;;;;;;;;;;;;;;;;;;;;;;
Fire;1997;91;;;;;;;;;;;;;;;;;;;;;;;;;;;;;;;;
Fire;1998;87;;;;;;;;;;;;;;;;;;;;;;;;;;;;;;;;
Fire;1999;90;;;;;;;;;;;;;;;;;;;;;;;;;;;;;;;;
Fire;2000;88;;;;;;;;;;;;;;;;;;;;;;;;;;;;;;;;
Fire;2001;92;;;;;;;;;;;;;;;;;;;;;;;;;;;;;;;;
Fire;2002;98;;;;;;;;;;;;;;;;;;;;;;;;;;;;;;;;
Fire;2003;99;;;;;;;;;;;;;;;;;;;;;;;;;;;;;;;;
Fire;2004;97;;;;;;;;;;;;;;;;;;;;;;;;;;;;;;;;
Fire;2005;95;;;;;;;;;;;;;;;;;;;;;;;;;;;;;;;;
Fire;2006;96;;;;;;;;;;;;;;;;;;;;;;;;;;;;;;;;
Fire;2007;95;;;;;;;;;;;;;;;;;;;;;;;;;;;;;;;;
Fire;2008;93;;;;;;;;;;;;;;;;;;;;;;;;;;;;;;;;
Fire;2009;89;;;;;;;;;;;;;;;;;;;;;;;;;;;;;;;;
Fire;2010;86;;;;;;;;;;;;;;;;;;;;;;;;;;;;;;;;
Fire;2011;79;;;;;;;;;;;;;;;;;;;;;;;;;;;;;;;;
Fire;2012;76;;;;;;;;;;;;;;;;;;;;;;;;;;;;;;;;
Fire;2013;74;;;;;;;;;;;;;;;;;;;;;;;;;;;;;;;;
Fire;2014;73;;;;;;;;;;;;;;;;;;;;;;;;;;;;;;;;
Fire;2015;72;;;;;;;;;;;;;;;;;;;;;;;;;;;;;;;;
Fire;2016;73;;;;;;;;;;;;;;;;;;;;;;;;;;;;;;;;
Fire;2017;73;;;;;;;;;;;;;;;;;;;;;;;;;;;;;;;;
Fire;2018;74;;;;;;;;;;;;;;;;;;;;;;;;;;;;;;;;
Fire;2019;75;;;;;;;;;;;;;;;;;;;;;;;;;;;;;;;;
